sl.no,Date and Time,,vehicle_number
,
0,MH1IZDE1433
,,date
0,MH1IZDE1433,Mon May  6 10:26:43 2019
,,date
0,MH1IZDE1433,Sun Jun  9 07:12:17 2019
,,date
0,MH1IZDE1433,Sun Jun  9 07:15:06 2019
,,date
0,MH1IZDE1433,Sun Jun  9 07:15:50 2019
,,date
0,MH1IZDE1433,Sun Jun  9 07:17:47 2019
,,date
0,MH1IZDE1433,Sun Jun  9 07:18:13 2019
,,date
0,MH1IZDE1433,Sun Jun  9 07:20:00 2019
,,date
0,MH1IZDE1433,Sun Jun  9 07:22:08 2019
,date,
0,Thu Mar 25 10:28:29 2021,"MH1IZDE1433
"
,date,
0,Thu Mar 25 10:28:58 2021,"MH1IZDE1433
"
,date,
0,Thu Mar 25 10:29:55 2021,"AP09 BN 7886
"
,date,
0,Thu Mar 25 10:34:03 2021,"| HR26DK8337|
"
,date,
0,Thu Mar 25 10:34:24 2021,
,date,
0,Thu Mar 25 10:34:37 2021,
,date,
0,Thu Mar 25 10:34:48 2021,"MH 20EJ0364
"
,date,
0,Thu Mar 25 10:35:24 2021,"| HR26DK8337|
"
,date,
0,Thu Mar 25 11:07:00 2021,"| HR26DK8337|
"
,date,
0,Thu Mar 25 11:07:35 2021,"| HR26DK8337|
"
,date,
0,Thu Mar 25 11:08:13 2021,"| HR26DK8337|
"
,date,
0,Thu Mar 25 11:10:55 2021,HR26DK8337
,date,
0,Thu Mar 25 11:11:54 2021,HR26DK8337
,date,
0,Thu Mar 25 11:12:47 2021,MH20D2366an
,date,
0,Thu Mar 25 11:13:53 2021,
,date,
0,Thu Mar 25 11:14:04 2021,MH20D2366an
,date,
0,Thu Mar 25 11:14:31 2021,MH20D2366an
,date,
0,Thu Mar 25 11:14:40 2021,
,date,
0,Thu Mar 25 11:14:48 2021,ae
,date,
0,Thu Mar 25 11:14:54 2021,MH20D2366an
,date,
0,Thu Mar 25 11:14:59 2021,MH20D2366an
,date,
0,Thu Mar 25 11:15:20 2021,
,date,
0,Thu Mar 25 11:15:27 2021,awiiMH20DV23
,date,
0,Thu Mar 25 11:15:49 2021,
,date,
0,Thu Mar 25 11:15:55 2021,awiiMH20DV23
,date,
0,Thu Mar 25 11:16:24 2021,MH20D2366an
,date,
0,Thu Mar 25 11:16:52 2021,MH20D2366an
,date,
0,Thu Mar 25 11:17:01 2021,MH20D2366an
,date,
0,Thu Mar 25 11:17:08 2021,MH20D2366an
,date,
0,Thu Mar 25 11:17:25 2021,MH20D2366an
,date,
0,Thu Mar 25 11:17:33 2021,i
,date,
0,Thu Mar 25 11:17:37 2021,MH20D2366an
,date,
0,Thu Mar 25 11:17:53 2021,MH20D2366an
,date,
0,Thu Mar 25 11:18:04 2021,awiiMH20DV23
,date,
0,Thu Mar 25 11:18:16 2021,
,date,
0,Thu Mar 25 11:18:21 2021,
,date,
0,Thu Mar 25 11:18:27 2021,
,date,
0,Thu Mar 25 11:18:38 2021,
,date,
0,Thu Mar 25 11:18:40 2021,
,date,
0,Thu Mar 25 11:18:46 2021,MH20D2366an
,date,
0,Thu Mar 25 11:18:53 2021,
,date,
0,Thu Mar 25 11:19:01 2021,
,date,
0,Thu Mar 25 11:19:07 2021,
,date,
0,Thu Mar 25 11:19:14 2021,awiiMH20DV23
,date,
0,Thu Mar 25 11:19:27 2021,WUT
,date,
0,Thu Mar 25 11:19:34 2021,WUT
,date,
0,Thu Mar 25 11:19:41 2021,awiiMH20DV23
,date,
0,Thu Mar 25 11:20:15 2021,MH20D2366an
,date,
0,Thu Mar 25 11:20:28 2021,
,date,
0,Thu Mar 25 11:20:34 2021,awiiMH20DV23
,date,
0,Thu Mar 25 11:22:57 2021,
,date,
0,Thu Mar 25 11:23:11 2021,
,date,
0,Thu Mar 25 11:23:17 2021,awiiMH20DV23
,date,
0,Thu Mar 25 11:24:00 2021,awiiMH20DV23
,date,
0,Thu Mar 25 11:24:05 2021,awiiMH20DV23
,date,
0,Thu Mar 25 11:24:14 2021,awiiMH20DV23
,date,
0,Thu Mar 25 11:24:19 2021,awiiMH20DV23
,date,
0,Thu Mar 25 11:25:01 2021,HR26DKaaa0
,date,
0,Thu Mar 25 11:25:14 2021,
,date,
0,Thu Mar 25 11:25:25 2021,
,date,
0,Thu Mar 25 11:25:52 2021,HR26DK8337
,date,
0,Thu Mar 25 11:26:32 2021,
,date,
0,Thu Mar 25 11:26:40 2021,
,date,
0,Thu Mar 25 11:26:49 2021,
,date,
0,Thu Mar 25 11:27:20 2021,
,date,
0,Thu Mar 25 11:27:31 2021,
,date,
0,Thu Mar 25 11:27:49 2021,MH1IZDE1433
,date,
0,Thu Mar 25 11:28:02 2021,MH1IZDE1433
,date,
0,Thu Mar 25 11:28:12 2021,MH1IZDE1433
,date,
0,Thu Mar 25 11:28:20 2021,IMH12DE1433
,date,
0,Thu Mar 25 11:28:46 2021,IMH12DE1433
,date,
0,Thu Mar 25 11:28:55 2021,MH1IZDE1433
,date,
0,Thu Mar 25 11:29:06 2021,IMH12DE1433
,date,
0,Thu Mar 25 11:29:18 2021,IMH12DE1433
,date,
0,Thu Mar 25 11:29:28 2021,MH1IZDE1433
,date,
0,Thu Mar 25 11:29:50 2021,MH1IZDE1433
,date,
0,Thu Mar 25 11:29:58 2021,MH1IZDE1433
,date,
0,Thu Mar 25 11:30:08 2021,MH1IZDE1433
,date,
0,Thu Mar 25 11:30:16 2021,MH1IZDE1433
,date,
0,Thu Mar 25 11:30:25 2021,IMH12DE1433
,date,
0,Thu Mar 25 11:30:33 2021,IMH12DE1433
,date,
0,Thu Mar 25 11:30:41 2021,MH1IZDE1433
,date,
0,Thu Mar 25 11:30:49 2021,MH1IZDE1433
,date,
0,Thu Mar 25 11:30:55 2021,MH1IZDE1433
,date,
0,Thu Mar 25 11:31:03 2021,MH1IZDE1433
,date,
0,Thu Mar 25 11:31:20 2021,MH1IZDE1433
,date,
0,Thu Mar 25 11:31:32 2021,MH1IZDE1433
,date,
0,Thu Mar 25 11:31:41 2021,MH1IZDE1433
,date,
0,Thu Mar 25 11:32:04 2021,MH1IZDE1433
,date,
0,Thu Mar 25 11:32:32 2021,AP09BN7886
,date,
0,Thu Mar 25 11:32:42 2021,mEMH20D2366
,date,
0,Thu Mar 25 11:32:52 2021,HR26DK8337
,date,
0,Thu Mar 25 11:33:27 2021,
,date,
0,Thu Mar 25 11:33:57 2021,HR26DK8337
,date,
0,Thu Mar 25 11:34:13 2021,MH20EJ0364
,date,
0,Thu Mar 25 11:34:57 2021,MH1IZDE1433
,date,
0,Thu Mar 25 11:42:35 2021,MH1IZDE1433
,date,
0,Thu Mar 25 11:42:52 2021,MH1IZDE1433
,date,
0,Thu Mar 25 11:43:02 2021,IMH12DE1433
,date,
0,Thu Mar 25 11:43:12 2021,IMH12DE1433
,date,
0,Thu Mar 25 11:43:27 2021,IMH12DE1433
,date,
0,Thu Mar 25 11:43:36 2021,IMH12DE1433
,date,
0,Thu Mar 25 11:43:46 2021,HH1Z2DE1433
,date,
0,Thu Mar 25 11:43:57 2021,IMH12DE1433
,date,
0,Thu Mar 25 11:44:02 2021,IMH12DE1433
,date,
0,Thu Mar 25 11:44:11 2021,IMH12DE1433
,date,
0,Thu Mar 25 11:44:27 2021,IMH12DE1433
,date,
0,Thu Mar 25 11:44:40 2021,MH1IZDE1433
,date,
0,Thu Mar 25 11:44:55 2021,MH1IZDE1433
,date,
0,Thu Mar 25 11:45:02 2021,IMH12DE1433
,date,
0,Thu Mar 25 11:45:14 2021,IMH12DE1433
,date,
0,Thu Mar 25 11:45:23 2021,IMH12DE1433
,date,
0,Thu Mar 25 11:45:28 2021,IMH12DE1433
,date,
0,Thu Mar 25 11:46:04 2021,IMH12DE1433
,date,
0,Thu Mar 25 11:46:10 2021,IMH12DE1433
,date,
0,Thu Mar 25 11:46:50 2021,IMH12DE1433
,date,
0,Thu Mar 25 11:47:05 2021,AP09BN7886
,date,
0,Thu Mar 25 11:47:14 2021,
,date,
0,Thu Mar 25 11:47:40 2021,
,date,
0,Thu Mar 25 11:49:13 2021,
,date,
0,Thu Mar 25 11:49:29 2021,MH1ZDE1433
,date,
0,Thu Mar 25 11:51:21 2021,MH1IZDE1433
,date,
0,Thu Mar 25 11:51:31 2021,
,date,
0,Thu Mar 25 11:51:48 2021,
,date,
0,Thu Mar 25 11:51:59 2021,
,date,
0,Thu Mar 25 11:52:05 2021,MH1IZDE1433
,date,
0,Thu Mar 25 11:52:10 2021,AP09BN7886
,date,
0,Thu Mar 25 11:52:18 2021,HR26DK8337
,date,
0,Thu Mar 25 11:52:28 2021,MH20EJ0364
,date,
0,Thu Mar 25 11:58:38 2021,
,date,
0,Thu Mar 25 12:00:03 2021,
,date,
0,Thu Mar 25 12:00:12 2021,MH1IZDE1433
,date,
0,Thu Mar 25 12:01:13 2021,
,date,
0,Thu Mar 25 12:01:28 2021,
,date,
0,Thu Mar 25 12:01:43 2021,
,date,
0,Thu Mar 25 12:07:00 2021,
,date,
0,Thu Mar 25 12:15:47 2021,MH1IZDE1433
,date,
0,Thu Mar 25 12:16:00 2021,
,date,
0,Thu Mar 25 12:16:10 2021,MH20EJ0364
,date,
0,Fri Mar 26 15:51:06 2021,MH20EJ0364
,date,
0,Fri Mar 26 15:51:29 2021,AP09BN7886
,date,
0,Sat Mar 27 11:11:19 2021,AP09BN7886
,date,
0,Sat Mar 27 11:11:34 2021,MH1IZDE1433
,date,
0,Sat Mar 27 11:13:54 2021,
,date,
0,Sat Mar 27 11:14:59 2021,
,date,
0,Sat Mar 27 11:17:14 2021,
,date,
0,Sat Mar 27 11:17:28 2021,
,date,
0,Sat Mar 27 11:18:20 2021,AP09BN7886
,date,
0,Sat Mar 27 11:18:43 2021,MH1IZDE1433
,date,
0,Sun Mar 28 15:44:59 2021,MH1IZDE1433
,date,
0,Sun Mar 28 15:47:55 2021,MH1IZDE1433
,date,
0,Sun Mar 28 15:48:35 2021,AP09BN7886
,date,
0,Sun Mar 28 16:23:43 2021,AP09BN7886
,date,
0,Sun Mar 28 16:24:47 2021,
,date,
0,Sun Mar 28 16:25:16 2021,
,date,
0,Sun Mar 28 16:25:21 2021,
,date,
0,Sun Mar 28 16:26:10 2021,HR26DK8337
,date,
0,Sun Mar 28 16:28:33 2021,HR26DK8337
,date,
0,Sun Mar 28 16:31:14 2021,HR26DK8337
,date,
0,Sun Mar 28 16:32:16 2021,HR26DK8337
,date,
0,Sun Mar 28 16:36:02 2021,HR26DK8337
,date,
0,Sun Mar 28 17:26:09 2021,AP09BN7886
,date,
0,Sun Mar 28 17:35:56 2021,
,date,
0,Sun Mar 28 17:37:10 2021,
,date,
0,Sun Mar 28 17:38:25 2021,AP09BN7886
,date,
0,Sun Mar 28 23:45:56 2021,
,date,
0,Mon Mar 29 00:27:01 2021,
,date,
0,Mon Mar 29 00:27:20 2021,
,date,
0,Mon Mar 29 00:27:39 2021,
,date,
0,Mon Mar 29 00:27:57 2021,
,date,
0,Mon Mar 29 00:28:12 2021,
,date,
0,Mon Mar 29 00:28:28 2021,
,date,
0,Tue Mar 30 14:21:01 2021,
,date,
0,Tue Mar 30 14:22:11 2021,
,date,
0,Tue Mar 30 14:22:40 2021,
,date,
0,Tue Mar 30 14:22:51 2021,
,date,
0,Tue Mar 30 14:23:00 2021,
,date,
0,Tue Mar 30 14:23:14 2021,
,date,
0,Tue Mar 30 14:23:26 2021,
,date,
0,Tue Mar 30 14:23:42 2021,
,date,
0,Tue Mar 30 14:23:53 2021,
,date,
0,Tue Mar 30 14:24:01 2021,KLO7BF5000
,date,
0,Tue Mar 30 14:24:11 2021,HR26DA2330
,date,
0,Tue Mar 30 14:24:19 2021,
,date,
0,Tue Mar 30 14:24:45 2021,NHO4DW8351
,date,
0,Tue Mar 30 14:25:29 2021,
,date,
0,Tue Mar 30 14:25:39 2021,
,date,
0,Tue Mar 30 14:26:17 2021,NHO4DW8351
,date,
0,Tue Mar 30 14:26:51 2021,
,date,
0,Tue Mar 30 14:26:59 2021,
,date,
0,Tue Mar 30 14:27:08 2021,
,date,
0,Tue Mar 30 14:27:15 2021,
,date,
0,Tue Mar 30 14:27:23 2021,KLO7BF5000
,date,
0,Tue Mar 30 14:27:44 2021,HR26DA2330
,date,
0,Tue Mar 30 14:28:02 2021,
,date,
0,Tue Mar 30 14:28:14 2021,
,date,
0,Tue Mar 30 14:28:23 2021,
,date,
0,Tue Mar 30 14:30:11 2021,
,date,
0,Tue Mar 30 14:30:21 2021,
,date,
0,Tue Mar 30 14:30:42 2021,
,date,
0,Tue Mar 30 14:30:57 2021,
,date,
0,Tue Mar 30 14:33:18 2021,
,date,
0,Tue Mar 30 14:33:21 2021,
,date,
0,Tue Mar 30 15:21:19 2021,AP09BN7886
,date,
0,Wed Mar 31 10:23:48 2021,HR26DK8337
,date,
0,Thu Apr  1 16:13:33 2021,HR26DK8337
,date,
0,Thu Apr  1 16:14:17 2021,
,date,
0,Thu Apr  1 16:14:31 2021,MH1IZDE1433
,date,
0,Thu Apr  1 16:14:40 2021,
,date,
0,Thu Apr  1 16:14:47 2021,
,date,
0,Thu Apr  1 16:15:00 2021,MH20EJ0364
,date,
0,Thu Apr  1 16:29:31 2021,MH20EJ0364
,date,
0,Thu Apr  1 16:29:51 2021,MH20EJ0364
,date,
0,Sat Apr  3 10:37:08 2021,MH20EJ0364
,date,
0,Sat Apr  3 10:37:11 2021,MH20EJ0364
,date,
0,Sat Apr  3 10:39:38 2021,MH20EJ0364
,date,
0,Sat Apr  3 11:01:02 2021,
,date,
0,Sat Apr  3 11:09:01 2021,
,date,
0,Sat Apr  3 11:14:05 2021,
,date,
0,Sat Apr  3 11:14:11 2021,
,date,
0,Sat Apr  3 11:14:35 2021,
,date,
0,Sat Apr  3 11:14:40 2021,
,date,
0,Sat Apr  3 11:15:02 2021,KLO7BF5000
,date,
0,Sat Apr  3 11:17:38 2021,
,date,
0,Sat Apr  3 11:18:04 2021,
,date,
0,Sat Apr  3 11:19:08 2021,NHO4DW8351
,date,
0,Sat Apr  3 11:19:24 2021,
,date,
0,Sat Apr  3 11:19:30 2021,
